Anonymous,940
Anonymous,820
Anonymous,590
Anonymous,510
Anonymous,410
Anonymous,240
Anonymous,240
Anonymous,220
Anonymous,180
Anonymous,170
Anonymous,160
Anonymous,140
Anonymous,130
Anonymous,100
Anonymous,100
Anonymous,90
Anonymous,90
Anonymous,60
Anonymous,40
Anonymous,0
Anonymous,0
Anonymous,0
Anonymous,0
Anonymous,0
Anonymous,0
Anonymous,0
Anonymous,0
Anonymous,0
Anonymous,0
Anonymous,0
Anonymous,0
Anonymous,0
Anonymous,0
Anonymous,0
Anonymous,0
Anonymous,0
Anonymous,0
Anonymous,0
Anonymous,0
Anonymous,0
Anonymous,0
Anonymous,0
Anonymous,0
Anonymous,0
Anonymous,0
Anonymous,0
Anonymous,0
Anonymous,0
Anonymous,0
Anonymous,0
Anonymous,0
Anonymous,0
Anonymous,0
Anonymous,0
Anonymous,0
Anonymous,0
Anonymous,0
Anonymous,0
Anonymous,0
Anonymous,0
Anonymous,0
Anonymous,0
